Store,Region
Countdown Airport,South Region
Countdown Auckland City,Central Region
Countdown Aviemore Drive,East Region
Countdown Birkenhead,North Region
Countdown Blockhouse Bay,Central Region
Countdown Botany Downs,East Region
Countdown Browns Bay,North Region
Countdown Glenfield,North Region
Countdown Greenlane,Central Region
Countdown Grey Lynn,Central Region
Countdown Grey Lynn Central,Central Region
Countdown Hauraki Corner,North Region
Countdown Henderson,West Region
Countdown Highland Park,East Region
Countdown Hobsonville,West Region
Countdown Howick,East Region
Countdown Kelston,Central Region
Countdown Lincoln Road,West Region
Countdown Lynfield,Central Region
Countdown Lynmall,Central Region
Countdown Mairangi Bay,North Region
Countdown Mangere East,South Region
Countdown Mangere Mall,South Region
Countdown Manukau,South Region
Countdown Manukau Mall,South Region
Countdown Manurewa,South Region
Countdown Meadowbank,East Region
Countdown Meadowlands,East Region
Countdown Milford,North Region
Countdown Mt Eden,Central Region
Countdown Mt Roskill,Central Region
Countdown Mt Wellington,East Region
Countdown Newmarket,Central Region
Countdown Northcote,North Region
Countdown Northwest,West Region
Countdown Onehunga,Central Region
Countdown Pakuranga,East Region
Countdown Papakura,Southern Most Region
Countdown Papatoetoe,South Region
Countdown Ponsonby,Central Region
Countdown Pt Chevalier,Central Region
Countdown Roselands,Southern Most Region
Countdown St Johns,East Region
Countdown St Lukes,Central Region
Countdown Sunnynook,North Region
Countdown Sylvia Park,East Region
Countdown Takanini,Southern Most Region
Countdown Takapuna,North Region
Countdown Te Atatu,West Region
Countdown Te Atatu South,West Region
Countdown Three Kings,Central Region
Countdown Victoria Street West,Central Region
Countdown Westgate,West Region
Countdown Metro Albert Street,Central Region
Countdown Metro Halsey Street,Central Region
Distribution Centre Auckland,South Region
FreshChoice Glen Eden,Central Region
FreshChoice Half Moon Bay,West Region
FreshChoice Mangere Bridge,South Region
FreshChoice Otahuhu,East Region
FreshChoice Ranui,West Region
SuperValue Avondale,Central Region
SuperValue Flatbush,South Region
SuperValue Palomino,West Region
SuperValue Papakura,Southern Most Region
SuperValue Titirangi,Central Region
